Workbook
Name 切片器_上课日期: #N/A
Name 切片器_负责老师: #N/A
Name 切片器_卡种: #N/A

Sheet 会员档案
A1: 会员编号 | B1: 会员姓名 | C1: 手机号 | D1: 负责老师 | E1: 会员类型 | F1: 卡种 | G1: 购买日期 | H1: 开卡日期 | I1: 有效期至 | J1: 实收金额 | K1: 应收金额 | L1: 尾款 | M1: 总次数 | N1: 已消耗次数 | O1: 剩余次数 | P1: 剩余天数 | Q1: 课程单价 | R1: 剩余课程总额 | S1: 最后上课日期 | T1: 连续未到天数 | U1: 会员状态 | V1: 退卡 | W1: 备注
A2: M001 | B2: 白龙马 | C2: 13879881122 | D2: 唐老师 | E2: 私教 | F2: 期限卡 | G2: 46204 | H2: 46241 | I2: 46272 | J2: 500 | K2: 4599 | L2: =K2-J2 | N2: =COUNTIFS(上课记录!$B:$B,A2,上课记录!$J:$J,"是") | O2: =IF(F2="次卡",MAX(0,M2-N2),"—") | P2: =IF(F2="期限卡",MAX(0,I2-TODAY()),"—") | Q2: =IF(A2="","",IF(F2="次卡",IF(OR(K2="",K2=0,M2=0),"",K2/M2),IF(F2="期限卡",IF(AND(K2<>"",K2<>0,I2>H2),K2/(I2-H2),""),""))) | R2: =IF(A2="","",IF(F2="次卡",IF(OR(K2="",K2=0,M2=0),"",Q2*O2),IF(F2="期限卡",IF(AND(K2<>"",K2<>0,I2>H2),Q2*P2,""),""))) | S2: =IF(A2="","",IF(COUNTIFS(上课记录!$B:$B,A2,上课记录!$J:$J,"是")>0,_xlfn.MAXIFS(上课记录!$D:$D,上课记录!$B:$B,A2,上课记录!$J:$J,"是"),IF(H2>0,H2,"未上课"))) | T2: =IF(A2="",0,IF(S2="未上课",0,IF(S2="",0,TODAY()-S2))) | U2: =IF(OR(AND(F2="次卡",O2=0),AND(F2="期限卡",P2=0)),IF(H2="","待开卡","已到期"),IF(T2>=10,"沉睡客户",IF(T2>=7,"预警客户",IF(T2=0,IF(A2="","待更新","正常"),"正常"))))
A3: M002 | B3: 孙悟空 | C3: 13800000000 | D3: 唐老师 | E3: 普拉提小班 | F3: 期限卡 | G3: 46262 | H3: 46262 | I3: 46626 | J3: 1000 | K3: 5899 | L3: =K3-J3 | N3: =COUNTIFS(上课记录!$B:$B,A3,上课记录!$J:$J,"是") | O3: =IF(F3="次卡",MAX(0,M3-N3),"—") | P3: =IF(F3="期限卡",MAX(0,I3-TODAY()),"—") | Q3: =IF(A3="","",IF(F3="次卡",IF(OR(K3="",K3=0,M3=0),"",K3/M3),IF(F3="期限卡",IF(AND(K3<>"",K3<>0,I3>H3),K3/(I3-H3),""),""))) | R3: =IF(A3="","",IF(F3="次卡",IF(OR(K3="",K3=0,M3=0),"",Q3*O3),IF(F3="期限卡",IF(AND(K3<>"",K3<>0,I3>H3),Q3*P3,""),""))) | S3: =IF(A3="","",IF(COUNTIFS(上课记录!$B:$B,A3,上课记录!$J:$J,"是")>0,_xlfn.MAXIFS(上课记录!$D:$D,上课记录!$B:$B,A3,上课记录!$J:$J,"是"),IF(H3>0,H3,"未上课"))) | T3: =IF(A3="",0,IF(S3="未上课",0,IF(S3="",0,TODAY()-S3))) | U3: =IF(OR(AND(F3="次卡",O3=0),AND(F3="期限卡",P3=0)),IF(H3="","待开卡","已到期"),IF(T3>=10,"沉睡客户",IF(T3>=7,"预警客户",IF(T3=0,IF(A3="","待更新","正常"),"正常"))))
A4: M003 | B4: 猪八戒 | C4: 13711112222 | D4: 李老师 | E4: 普拉提小班 | F4: 期限卡 | G4: 46239 | H4: 46255 | I4: 46286 | J4: 5499 | K4: 5499 | L4: =K4-J4 | N4: =COUNTIFS(上课记录!$B:$B,A4,上课记录!$J:$J,"是") | O4: =IF(F4="次卡",MAX(0,M4-N4),"—") | P4: =IF(F4="期限卡",MAX(0,I4-TODAY()),"—") | Q4: =IF(A4="","",IF(F4="次卡",IF(OR(K4="",K4=0,M4=0),"",K4/M4),IF(F4="期限卡",IF(AND(K4<>"",K4<>0,I4>H4),K4/(I4-H4),""),""))) | R4: =IF(A4="","",IF(F4="次卡",IF(OR(K4="",K4=0,M4=0),"",Q4*O4),IF(F4="期限卡",IF(AND(K4<>"",K4<>0,I4>H4),Q4*P4,""),""))) | S4: =IF(A4="","",IF(COUNTIFS(上课记录!$B:$B,A4,上课记录!$J:$J,"是")>0,_xlfn.MAXIFS(上课记录!$D:$D,上课记录!$B:$B,A4,上课记录!$J:$J,"是"),IF(H4>0,H4,"未上课"))) | T4: =IF(A4="",0,IF(S4="未上课",0,IF(S4="",0,TODAY()-S4))) | U4: =IF(OR(AND(F4="次卡",O4=0),AND(F4="期限卡",P4=0)),IF(H4="","待开卡","已到期"),IF(T4>=10,"沉睡客户",IF(T4>=7,"预警客户",IF(T4=0,IF(A4="","待更新","正常"),"正常"))))
A5: M004 | B5: 沙和尚 | C5: 15577778888 | D5: 唐老师 | E5: 私教 | F5: 次卡 | G5: 46166 | H5: 46166 | I5: 46531 | J5: 16999 | K5: 16999 | L5: =K5-J5 | M5: 30 | N5: =COUNTIFS(上课记录!$B:$B,A5,上课记录!$J:$J,"是") | O5: =IF(F5="次卡",MAX(0,M5-N5),"—") | P5: =IF(F5="期限卡",MAX(0,I5-TODAY()),"—") | Q5: =IF(A5="","",IF(F5="次卡",IF(OR(K5="",K5=0,M5=0),"",K5/M5),IF(F5="期限卡",IF(AND(K5<>"",K5<>0,I5>H5),K5/(I5-H5),""),""))) | R5: =IF(A5="","",IF(F5="次卡",IF(OR(K5="",K5=0,M5=0),"",Q5*O5),IF(F5="期限卡",IF(AND(K5<>"",K5<>0,I5>H5),Q5*P5,""),""))) | S5: =IF(A5="","",IF(COUNTIFS(上课记录!$B:$B,A5,上课记录!$J:$J,"是")>0,_xlfn.MAXIFS(上课记录!$D:$D,上课记录!$B:$B,A5,上课记录!$J:$J,"是"),IF(H5>0,H5,"未上课"))) | T5: =IF(A5="",0,IF(S5="未上课",0,IF(S5="",0,TODAY()-S5))) | U5: =IF(OR(AND(F5="次卡",O5=0),AND(F5="期限卡",P5=0)),IF(H5="","待开卡","已到期"),IF(T5>=10,"沉睡客户",IF(T5>=7,"预警客户",IF(T5=0,IF(A5="","待更新","正常"),"正常"))))
A6: M005 | B6: 马超 | C6: 14788774451 | D6: 刘老师 | E6: 普拉提小班 | F6: 次卡 | G6: 46262 | H6: 46262 | I6: 72898 | J6: 9800 | K6: 9800 | L6: =K6-J6 | M6: 100 | N6: =COUNTIFS(上课记录!$B:$B,A6,上课记录!$J:$J,"是") | O6: =IF(F6="次卡",MAX(0,M6-N6),"—") | P6: =IF(F6="期限卡",MAX(0,I6-TODAY()),"—") | Q6: =IF(A6="","",IF(F6="次卡",IF(OR(K6="",K6=0,M6=0),"",K6/M6),IF(F6="期限卡",IF(AND(K6<>"",K6<>0,I6>H6),K6/(I6-H6),""),""))) | R6: =IF(A6="","",IF(F6="次卡",IF(OR(K6="",K6=0,M6=0),"",Q6*O6),IF(F6="期限卡",IF(AND(K6<>"",K6<>0,I6>H6),Q6*P6,""),""))) | S6: =IF(A6="","",IF(COUNTIFS(上课记录!$B:$B,A6,上课记录!$J:$J,"是")>0,_xlfn.MAXIFS(上课记录!$D:$D,上课记录!$B:$B,A6,上课记录!$J:$J,"是"),IF(H6>0,H6,"未上课"))) | T6: =IF(A6="",0,IF(S6="未上课",0,IF(S6="",0,TODAY()-S6))) | U6: =IF(OR(AND(F6="次卡",O6=0),AND(F6="期限卡",P6=0)),IF(H6="","待开卡","已到期"),IF(T6>=10,"沉睡客户",IF(T6>=7,"预警客户",IF(T6=0,IF(A6="","待更新","正常"),"正常"))))
L7: =K7-J7 | N7: =COUNTIFS(上课记录!$B:$B,A7,上课记录!$J:$J,"是") | O7: =IF(F7="次卡",MAX(0,M7-N7),"—") | P7: =IF(F7="期限卡",MAX(0,I7-TODAY()),"—") | Q7: =IF(A7="","",IF(F7="次卡",IF(OR(K7="",K7=0,M7=0),"",K7/M7),IF(F7="期限卡",IF(AND(K7<>"",K7<>0,I7>H7),K7/(I7-H7),""),""))) | R7: =IF(A7="","",IF(F7="次卡",IF(OR(K7="",K7=0,M7=0),"",Q7*O7),IF(F7="期限卡",IF(AND(K7<>"",K7<>0,I7>H7),Q7*P7,""),""))) | S7: =IF(A7="","",IF(COUNTIFS(上课记录!$B:$B,A7,上课记录!$J:$J,"是")>0,_xlfn.MAXIFS(上课记录!$D:$D,上课记录!$B:$B,A7,上课记录!$J:$J,"是"),IF(H7>0,H7,"未上课"))) | T7: =IF(A7="",0,IF(S7="未上课",0,IF(S7="",0,TODAY()-S7))) | U7: =IF(OR(AND(F7="次卡",O7=0),AND(F7="期限卡",P7=0)),IF(H7="","待开卡","已到期"),IF(T7>=10,"沉睡客户",IF(T7>=7,"预警客户",IF(T7=0,IF(A7="","待更新","正常"),"正常"))))
L8: =K8-J8 | N8: =COUNTIFS(上课记录!$B:$B,A8,上课记录!$J:$J,"是") | O8: =IF(F8="次卡",MAX(0,M8-N8),"—") | P8: =IF(F8="期限卡",MAX(0,I8-TODAY()),"—") | Q8: =IF(A8="","",IF(F8="次卡",IF(OR(K8="",K8=0,M8=0),"",K8/M8),IF(F8="期限卡",IF(AND(K8<>"",K8<>0,I8>H8),K8/(I8-H8),""),""))) | R8: =IF(A8="","",IF(F8="次卡",IF(OR(K8="",K8=0,M8=0),"",Q8*O8),IF(F8="期限卡",IF(AND(K8<>"",K8<>0,I8>H8),Q8*P8,""),""))) | S8: =IF(A8="","",IF(COUNTIFS(上课记录!$B:$B,A8,上课记录!$J:$J,"是")>0,_xlfn.MAXIFS(上课记录!$D:$D,上课记录!$B:$B,A8,上课记录!$J:$J,"是"),IF(H8>0,H8,"未上课"))) | T8: =IF(A8="",0,IF(S8="未上课",0,IF(S8="",0,TODAY()-S8))) | U8: =IF(OR(AND(F8="次卡",O8=0),AND(F8="期限卡",P8=0)),IF(H8="","待开卡","已到期"),IF(T8>=10,"沉睡客户",IF(T8>=7,"预警客户",IF(T8=0,IF(A8="","待更新","正常"),"正常"))))
L9: =K9-J9 | N9: =COUNTIFS(上课记录!$B:$B,A9,上课记录!$J:$J,"是") | O9: =IF(F9="次卡",MAX(0,M9-N9),"—") | P9: =IF(F9="期限卡",MAX(0,I9-TODAY()),"—") | Q9: =IF(A9="","",IF(F9="次卡",IF(OR(K9="",K9=0,M9=0),"",K9/M9),IF(F9="期限卡",IF(AND(K9<>"",K9<>0,I9>H9),K9/(I9-H9),""),""))) | R9: =IF(A9="","",IF(F9="次卡",IF(OR(K9="",K9=0,M9=0),"",Q9*O9),IF(F9="期限卡",IF(AND(K9<>"",K9<>0,I9>H9),Q9*P9,""),""))) | S9: =IF(A9="","",IF(COUNTIFS(上课记录!$B:$B,A9,上课记录!$J:$J,"是")>0,_xlfn.MAXIFS(上课记录!$D:$D,上课记录!$B:$B,A9,上课记录!$J:$J,"是"),IF(H9>0,H9,"未上课"))) | T9: =IF(A9="",0,IF(S9="未上课",0,IF(S9="",0,TODAY()-S9))) | U9: =IF(OR(AND(F9="次卡",O9=0),AND(F9="期限卡",P9=0)),IF(H9="","待开卡","已到期"),IF(T9>=10,"沉睡客户",IF(T9>=7,"预警客户",IF(T9=0,IF(A9="","待更新","正常"),"正常"))))
L10: =K10-J10 | N10: =COUNTIFS(上课记录!$B:$B,A10,上课记录!$J:$J,"是") | O10: =IF(F10="次卡",MAX(0,M10-N10),"—") | P10: =IF(F10="期限卡",MAX(0,I10-TODAY()),"—") | Q10: =IF(A10="","",IF(F10="次卡",IF(OR(K10="",K10=0,M10=0),"",K10/M10),IF(F10="期限卡",IF(AND(K10<>"",K10<>0,I10>H10),K10/(I10-H10),""),""))) | R10: =IF(A10="","",IF(F10="次卡",IF(OR(K10="",K10=0,M10=0),"",Q10*O10),IF(F10="期限卡",IF(AND(K10<>"",K10<>0,I10>H10),Q10*P10,""),""))) | S10: =IF(A10="","",IF(COUNTIFS(上课记录!$B:$B,A10,上课记录!$J:$J,"是")>0,_xlfn.MAXIFS(上课记录!$D:$D,上课记录!$B:$B,A10,上课记录!$J:$J,"是"),IF(H10>0,H10,"未上课"))) | T10: =IF(A10="",0,IF(S10="未上课",0,IF(S10="",0,TODAY()-S10))) | U10: =IF(OR(AND(F10="次卡",O10=0),AND(F10="期限卡",P10=0)),"已到期",IF(T10>=10,"沉睡客户",IF(T10>=7,"预警客户",IF(T10=0,IF(A10="","待更新","正常"),"正常"))))
L11: =K11-J11 | N11: =COUNTIFS(上课记录!$B:$B,A11,上课记录!$J:$J,"是") | O11: =IF(F11="次卡",MAX(0,M11-N11),"—") | P11: =IF(F11="期限卡",MAX(0,I11-TODAY()),"—") | Q11: =IF(A11="","",IF(F11="次卡",IF(OR(K11="",K11=0,M11=0),"",K11/M11),IF(F11="期限卡",IF(AND(K11<>"",K11<>0,I11>H11),K11/(I11-H11),""),""))) | R11: =IF(A11="","",IF(F11="次卡",IF(OR(K11="",K11=0,M11=0),"",Q11*O11),IF(F11="期限卡",IF(AND(K11<>"",K11<>0,I11>H11),Q11*P11,""),""))) | S11: =IF(A11="","",IF(COUNTIFS(上课记录!$B:$B,A11,上课记录!$J:$J,"是")>0,_xlfn.MAXIFS(上课记录!$D:$D,上课记录!$B:$B,A11,上课记录!$J:$J,"是"),IF(H11>0,H11,"未上课"))) | T11: =IF(A11="",0,IF(S11="未上课",0,IF(S11="",0,TODAY()-S11))) | U11: =IF(OR(AND(F11="次卡",O11=0),AND(F11="期限卡",P11=0)),"已到期",IF(T11>=10,"沉睡客户",IF(T11>=7,"预警客户",IF(T11=0,IF(A11="","待更新","正常"),"正常"))))
L12: =K12-J12 | N12: =COUNTIFS(上课记录!$B:$B,A12,上课记录!$J:$J,"是") | O12: =IF(F12="次卡",MAX(0,M12-N12),"—") | P12: =IF(F12="期限卡",MAX(0,I12-TODAY()),"—") | Q12: =IF(A12="","",IF(F12="次卡",IF(OR(K12="",K12=0,M12=0),"",K12/M12),IF(F12="期限卡",IF(AND(K12<>"",K12<>0,I12>H12),K12/(I12-H12),""),""))) | R12: =IF(A12="","",IF(F12="次卡",IF(OR(K12="",K12=0,M12=0),"",Q12*O12),IF(F12="期限卡",IF(AND(K12<>"",K12<>0,I12>H12),Q12*P12,""),""))) | S12: =IF(A12="","",IF(COUNTIFS(上课记录!$B:$B,A12,上课记录!$J:$J,"是")>0,_xlfn.MAXIFS(上课记录!$D:$D,上课记录!$B:$B,A12,上课记录!$J:$J,"是"),IF(H12>0,H12,"未上课"))) | T12: =IF(A12="",0,IF(S12="未上课",0,IF(S12="",0,TODAY()-S12))) | U12: =IF(OR(AND(F12="次卡",O12=0),AND(F12="期限卡",P12=0)),"已到期",IF(T12>=10,"沉睡客户",IF(T12>=7,"预警客户",IF(T12=0,IF(A12="","待更新","正常"),"正常"))))
L13: =K13-J13 | N13: =COUNTIFS(上课记录!$B:$B,A13,上课记录!$J:$J,"是") | O13: =IF(F13="次卡",MAX(0,M13-N13),"—") | P13: =IF(F13="期限卡",MAX(0,I13-TODAY()),"—") | Q13: =IF(A13="","",IF(F13="次卡",IF(OR(K13="",K13=0,M13=0),"",K13/M13),IF(F13="期限卡",IF(AND(K13<>"",K13<>0,I13>H13),K13/(I13-H13),""),""))) | R13: =IF(A13="","",IF(F13="次卡",IF(OR(K13="",K13=0,M13=0),"",Q13*O13),IF(F13="期限卡",IF(AND(K13<>"",K13<>0,I13>H13),Q13*P13,""),""))) | S13: =IF(A13="","",IF(COUNTIFS(上课记录!$B:$B,A13,上课记录!$J:$J,"是")>0,_xlfn.MAXIFS(上课记录!$D:$D,上课记录!$B:$B,A13,上课记录!$J:$J,"是"),IF(H13>0,H13,"未上课"))) | T13: =IF(A13="",0,IF(S13="未上课",0,IF(S13="",0,TODAY()-S13))) | U13: =IF(OR(AND(F13="次卡",O13=0),AND(F13="期限卡",P13=0)),"已到期",IF(T13>=10,"沉睡客户",IF(T13>=7,"预警客户",IF(T13=0,IF(A13="","待更新","正常"),"正常"))))
L14: =K14-J14 | N14: =COUNTIFS(上课记录!$B:$B,A14,上课记录!$J:$J,"是") | O14: =IF(F14="次卡",MAX(0,M14-N14),"—") | P14: =IF(F14="期限卡",MAX(0,I14-TODAY()),"—") | Q14: =IF(A14="","",IF(F14="次卡",IF(OR(K14="",K14=0,M14=0),"",K14/M14),IF(F14="期限卡",IF(AND(K14<>"",K14<>0,I14>H14),K14/(I14-H14),""),""))) | R14: =IF(A14="","",IF(F14="次卡",IF(OR(K14="",K14=0,M14=0),"",Q14*O14),IF(F14="期限卡",IF(AND(K14<>"",K14<>0,I14>H14),Q14*P14,""),""))) | S14: =IF(A14="","",IF(COUNTIFS(上课记录!$B:$B,A14,上课记录!$J:$J,"是")>0,_xlfn.MAXIFS(上课记录!$D:$D,上课记录!$B:$B,A14,上课记录!$J:$J,"是"),IF(H14>0,H14,"未上课"))) | T14: =IF(A14="",0,IF(S14="未上课",0,IF(S14="",0,TODAY()-S14))) | U14: =IF(OR(AND(F14="次卡",O14=0),AND(F14="期限卡",P14=0)),"已到期",IF(T14>=10,"沉睡客户",IF(T14>=7,"预警客户",IF(T14=0,IF(A14="","待更新","正常"),"正常"))))
L15: =K15-J15 | N15: =COUNTIFS(上课记录!$B:$B,A15,上课记录!$J:$J,"是") | O15: =IF(F15="次卡",MAX(0,M15-N15),"—") | P15: =IF(F15="期限卡",MAX(0,I15-TODAY()),"—") | Q15: =IF(A15="","",IF(F15="次卡",IF(OR(K15="",K15=0,M15=0),"",K15/M15),IF(F15="期限卡",IF(AND(K15<>"",K15<>0,I15>H15),K15/(I15-H15),""),""))) | R15: =IF(A15="","",IF(F15="次卡",IF(OR(K15="",K15=0,M15=0),"",Q15*O15),IF(F15="期限卡",IF(AND(K15<>"",K15<>0,I15>H15),Q15*P15,""),""))) | S15: =IF(A15="","",IF(COUNTIFS(上课记录!$B:$B,A15,上课记录!$J:$J,"是")>0,_xlfn.MAXIFS(上课记录!$D:$D,上课记录!$B:$B,A15,上课记录!$J:$J,"是"),IF(H15>0,H15,"未上课"))) | T15: =IF(A15="",0,IF(S15="未上课",0,IF(S15="",0,TODAY()-S15))) | U15: =IF(OR(AND(F15="次卡",O15=0),AND(F15="期限卡",P15=0)),"已到期",IF(T15>=10,"沉睡客户",IF(T15>=7,"预警客户",IF(T15=0,IF(A15="","待更新","正常"),"正常"))))
L16: =K16-J16 | N16: =COUNTIFS(上课记录!$B:$B,A16,上课记录!$J:$J,"是") | O16: =IF(F16="次卡",MAX(0,M16-N16),"—") | P16: =IF(F16="期限卡",MAX(0,I16-TODAY()),"—") | Q16: =IF(A16="","",IF(F16="次卡",IF(OR(K16="",K16=0,M16=0),"",K16/M16),IF(F16="期限卡",IF(AND(K16<>"",K16<>0,I16>H16),K16/(I16-H16),""),""))) | R16: =IF(A16="","",IF(F16="次卡",IF(OR(K16="",K16=0,M16=0),"",Q16*O16),IF(F16="期限卡",IF(AND(K16<>"",K16<>0,I16>H16),Q16*P16,""),""))) | S16: =IF(A16="","",IF(COUNTIFS(上课记录!$B:$B,A16,上课记录!$J:$J,"是")>0,_xlfn.MAXIFS(上课记录!$D:$D,上课记录!$B:$B,A16,上课记录!$J:$J,"是"),IF(H16>0,H16,"未上课"))) | T16: =IF(A16="",0,IF(S16="未上课",0,IF(S16="",0,TODAY()-S16))) | U16: =IF(OR(AND(F16="次卡",O16=0),AND(F16="期限卡",P16=0)),"已到期",IF(T16>=10,"沉睡客户",IF(T16>=7,"预警客户",IF(T16=0,IF(A16="","待更新","正常"),"正常"))))
L17: =K17-J17 | N17: =COUNTIFS(上课记录!$B:$B,A17,上课记录!$J:$J,"是") | O17: =IF(F17="次卡",MAX(0,M17-N17),"—") | P17: =IF(F17="期限卡",MAX(0,I17-TODAY()),"—") | Q17: =IF(A17="","",IF(F17="次卡",IF(OR(K17="",K17=0,M17=0),"",K17/M17),IF(F17="期限卡",IF(AND(K17<>"",K17<>0,I17>H17),K17/(I17-H17),""),""))) | R17: =IF(A17="","",IF(F17="次卡",IF(OR(K17="",K17=0,M17=0),"",Q17*O17),IF(F17="期限卡",IF(AND(K17<>"",K17<>0,I17>H17),Q17*P17,""),""))) | S17: =IF(A17="","",IF(COUNTIFS(上课记录!$B:$B,A17,上课记录!$J:$J,"是")>0,_xlfn.MAXIFS(上课记录!$D:$D,上课记录!$B:$B,A17,上课记录!$J:$J,"是"),IF(H17>0,H17,"未上课"))) | T17: =IF(A17="",0,IF(S17="未上课",0,IF(S17="",0,TODAY()-S17))) | U17: =IF(OR(AND(F17="次卡",O17=0),AND(F17="期限卡",P17=0)),"已到期",IF(T17>=10,"沉睡客户",IF(T17>=7,"预警客户",IF(T17=0,IF(A17="","待更新","正常"),"正常"))))
L18: =K18-J18 | N18: =COUNTIFS(上课记录!$B:$B,A18,上课记录!$J:$J,"是") | O18: =IF(F18="次卡",MAX(0,M18-N18),"—") | P18: =IF(F18="期限卡",MAX(0,I18-TODAY()),"—") | Q18: =IF(A18="","",IF(F18="次卡",IF(OR(K18="",K18=0,M18=0),"",K18/M18),IF(F18="期限卡",IF(AND(K18<>"",K18<>0,I18>H18),K18/(I18-H18),""),""))) | R18: =IF(A18="","",IF(F18="次卡",IF(OR(K18="",K18=0,M18=0),"",Q18*O18),IF(F18="期限卡",IF(AND(K18<>"",K18<>0,I18>H18),Q18*P18,""),""))) | S18: =IF(A18="","",IF(COUNTIFS(上课记录!$B:$B,A18,上课记录!$J:$J,"是")>0,_xlfn.MAXIFS(上课记录!$D:$D,上课记录!$B:$B,A18,上课记录!$J:$J,"是"),IF(H18>0,H18,"未上课"))) | T18: =IF(A18="",0,IF(S18="未上课",0,IF(S18="",0,TODAY()-S18))) | U18: =IF(OR(AND(F18="次卡",O18=0),AND(F18="期限卡",P18=0)),"已到期",IF(T18>=10,"沉睡客户",IF(T18>=7,"预警客户",IF(T18=0,IF(A18="","待更新","正常"),"正常"))))
L19: =K19-J19 | N19: =COUNTIFS(上课记录!$B:$B,A19,上课记录!$J:$J,"是") | O19: =IF(F19="次卡",MAX(0,M19-N19),"—") | P19: =IF(F19="期限卡",MAX(0,I19-TODAY()),"—") | Q19: =IF(A19="","",IF(F19="次卡",IF(OR(K19="",K19=0,M19=0),"",K19/M19),IF(F19="期限卡",IF(AND(K19<>"",K19<>0,I19>H19),K19/(I19-H19),""),""))) | R19: =IF(A19="","",IF(F19="次卡",IF(OR(K19="",K19=0,M19=0),"",Q19*O19),IF(F19="期限卡",IF(AND(K19<>"",K19<>0,I19>H19),Q19*P19,""),""))) | S19: =IF(A19="","",IF(COUNTIFS(上课记录!$B:$B,A19,上课记录!$J:$J,"是")>0,_xlfn.MAXIFS(上课记录!$D:$D,上课记录!$B:$B,A19,上课记录!$J:$J,"是"),IF(H19>0,H19,"未上课"))) | T19: =IF(A19="",0,IF(S19="未上课",0,IF(S19="",0,TODAY()-S19))) | U19: =IF(OR(AND(F19="次卡",O19=0),AND(F19="期限卡",P19=0)),"已到期",IF(T19>=10,"沉睡客户",IF(T19>=7,"预警客户",IF(T19=0,IF(A19="","待更新","正常"),"正常"))))
L20: =K20-J20 | N20: =COUNTIFS(上课记录!$B:$B,A20,上课记录!$J:$J,"是") | O20: =IF(F20="次卡",MAX(0,M20-N20),"—") | P20: =IF(F20="期限卡",MAX(0,I20-TODAY()),"—") | Q20: =IF(A20="","",IF(F20="次卡",IF(OR(K20="",K20=0,M20=0),"",K20/M20),IF(F20="期限卡",IF(AND(K20<>"",K20<>0,I20>H20),K20/(I20-H20),""),""))) | R20: =IF(A20="","",IF(F20="次卡",IF(OR(K20="",K20=0,M20=0),"",Q20*O20),IF(F20="期限卡",IF(AND(K20<>"",K20<>0,I20>H20),Q20*P20,""),""))) | S20: =IF(A20="","",IF(COUNTIFS(上课记录!$B:$B,A20,上课记录!$J:$J,"是")>0,_xlfn.MAXIFS(上课记录!$D:$D,上课记录!$B:$B,A20,上课记录!$J:$J,"是"),IF(H20>0,H20,"未上课"))) | T20: =IF(A20="",0,IF(S20="未上课",0,IF(S20="",0,TODAY()-S20))) | U20: =IF(OR(AND(F20="次卡",O20=0),AND(F20="期限卡",P20=0)),"已到期",IF(T20>=10,"沉睡客户",IF(T20>=7,"预警客户",IF(T20=0,IF(A20="","待更新","正常"),"正常"))))
L21: =K21-J21 | N21: =COUNTIFS(上课记录!$B:$B,A21,上课记录!$J:$J,"是") | O21: =IF(F21="次卡",MAX(0,M21-N21),"—") | P21: =IF(F21="期限卡",MAX(0,I21-TODAY()),"—") | Q21: =IF(A21="","",IF(F21="次卡",IF(OR(K21="",K21=0,M21=0),"",K21/M21),IF(F21="期限卡",IF(AND(K21<>"",K21<>0,I21>H21),K21/(I21-H21),""),""))) | R21: =IF(A21="","",IF(F21="次卡",IF(OR(K21="",K21=0,M21=0),"",Q21*O21),IF(F21="期限卡",IF(AND(K21<>"",K21<>0,I21>H21),Q21*P21,""),""))) | S21: =IF(A21="","",IF(COUNTIFS(上课记录!$B:$B,A21,上课记录!$J:$J,"是")>0,_xlfn.MAXIFS(上课记录!$D:$D,上课记录!$B:$B,A21,上课记录!$J:$J,"是"),IF(H21>0,H21,"未上课"))) | T21: =IF(A21="",0,IF(S21="未上课",0,IF(S21="",0,TODAY()-S21))) | U21: =IF(OR(AND(F21="次卡",O21=0),AND(F21="期限卡",P21=0)),"已到期",IF(T21>=10,"沉睡客户",IF(T21>=7,"预警客户",IF(T21=0,IF(A21="","待更新","正常"),"正常"))))
... L200: =K200-J200 | N200: =COUNTIFS(上课记录!$B:$B,A200,上课记录!$J:$J,"是") | O200: =IF(F200="次卡",MAX(0,M200-N200),"—") | P200: =IF(F200="期限卡",MAX(0,I200-TODAY()),"—") | Q200: =IF(A200="","",IF(F200="次卡",IF(OR(K200="",K200=0,M200=0),"",K200/M200),IF(F200="期限卡",IF(AND(K200<>"",K200<>0,I200>H200),K200/(I200-H200),""),""))) | R200: =IF(A200="","",IF(F200="次卡",IF(OR(K200="",K200=0,M200=0),"",Q200*O200),IF(F200="期限卡",IF(AND(K200<>"",K200<>0,I200>H200),Q200*P200,""),""))) | S200: =IF(A200="","",IF(COUNTIFS(上课记录!$B:$B,A200,上课记录!$J:$J,"是")>0,_xlfn.MAXIFS(上课记录!$D:$D,上课记录!$B:$B,A200,上课记录!$J:$J,"是"),IF(H200>0,H200,"未上课"))) | T200: =IF(A200="",0,IF(S200="未上课",0,IF(S200="",0,TODAY()-S200))) | U200: =IF(OR(AND(F200="次卡",O200=0),AND(F200="期限卡",P200=0)),"已到期",IF(T200>=10,"沉睡客户",IF(T200>=7,"预警客户",IF(T200=0,IF(A200="","待更新","正常"),"正常"))))
L201: =K201-J201 | N201: =IF(A201="","",COUNTIFS(上课记录!$B:$B,A201,上课记录!$J:$J,"是")) | O201: =IF(A201="","",IF(F201="次卡",MAX(0,M201-N201),"—")) | P201: =IF(A201="","",IF(F201="期限卡",MAX(0,I201-TODAY()),"—")) | Q201: =IF(A201="","",IF(F201="次卡",IF(OR(K201="",K201=0,M201=0),"",K201/M201),IF(F201="期限卡",IF(AND(K201<>"",K201<>0,I201>H201),K201/(I201-H201),""),""))) | R201: =IF(A201="","",IF(F201="次卡",IF(OR(K201="",K201=0,M201=0),"",Q201*O201),IF(F201="期限卡",IF(AND(K201<>"",K201<>0,I201>H201),Q201*P201,""),""))) | S201: =IF(A201="","",IFERROR(_xlfn.MAXIFS(上课记录!$D:$D,上课记录!$B:$B,A201,上课记录!$J:$J,"是"),"")) | T201: =IF(A201="","",IF(S201="","",TODAY()-S201)) | U201: =IF(A201="","",IF(OR(AND(F201="次卡",O201=0),AND(F201="期限卡",P201=0)),"已到期",IF(T201>=10,"沉睡客户",IF(T201>=7,"预警客户","正常"))))
L202: =K202-J202 | N202: =IF(A202="","",COUNTIFS(上课记录!$B:$B,A202,上课记录!$J:$J,"是")) | O202: =IF(A202="","",IF(F202="次卡",MAX(0,M202-N202),"—")) | P202: =IF(A202="","",IF(F202="期限卡",MAX(0,I202-TODAY()),"—")) | Q202: =IF(A202="","",IF(F202="次卡",IF(OR(K202="",K202=0,M202=0),"",K202/M202),IF(F202="期限卡",IF(AND(K202<>"",K202<>0,I202>H202),K202/(I202-H202),""),""))) | R202: =IF(A202="","",IF(F202="次卡",IF(OR(K202="",K202=0,M202=0),"",Q202*O202),IF(F202="期限卡",IF(AND(K202<>"",K202<>0,I202>H202),Q202*P202,""),""))) | S202: =IF(A202="","",IFERROR(_xlfn.MAXIFS(上课记录!$D:$D,上课记录!$B:$B,A202,上课记录!$J:$J,"是"),"")) | T202: =IF(A202="","",IF(S202="","",TODAY()-S202)) | U202: =IF(A202="","",IF(OR(AND(F202="次卡",O202=0),AND(F202="期限卡",P202=0)),"已到期",IF(T202>=10,"沉睡客户",IF(T202>=7,"预警客户","正常"))))
L203: =K203-J203 | N203: =IF(A203="","",COUNTIFS(上课记录!$B:$B,A203,上课记录!$J:$J,"是")) | O203: =IF(A203="","",IF(F203="次卡",MAX(0,M203-N203),"—")) | P203: =IF(A203="","",IF(F203="期限卡",MAX(0,I203-TODAY()),"—")) | Q203: =IF(A203="","",IF(F203="次卡",IF(OR(K203="",K203=0,M203=0),"",K203/M203),IF(F203="期限卡",IF(AND(K203<>"",K203<>0,I203>H203),K203/(I203-H203),""),""))) | R203: =IF(A203="","",IF(F203="次卡",IF(OR(K203="",K203=0,M203=0),"",Q203*O203),IF(F203="期限卡",IF(AND(K203<>"",K203<>0,I203>H203),Q203*P203,""),""))) | S203: =IF(A203="","",IFERROR(_xlfn.MAXIFS(上课记录!$D:$D,上课记录!$B:$B,A203,上课记录!$J:$J,"是"),"")) | T203: =IF(A203="","",IF(S203="","",TODAY()-S203)) | U203: =IF(A203="","",IF(OR(AND(F203="次卡",O203=0),AND(F203="期限卡",P203=0)),"已到期",IF(T203>=10,"沉睡客户",IF(T203>=7,"预警客户","正常"))))
L204: =K204-J204 | N204: =IF(A204="","",COUNTIFS(上课记录!$B:$B,A204,上课记录!$J:$J,"是")) | O204: =IF(A204="","",IF(F204="次卡",MAX(0,M204-N204),"—")) | P204: =IF(A204="","",IF(F204="期限卡",MAX(0,I204-TODAY()),"—")) | Q204: =IF(A204="","",IF(F204="次卡",IF(OR(K204="",K204=0,M204=0),"",K204/M204),IF(F204="期限卡",IF(AND(K204<>"",K204<>0,I204>H204),K204/(I204-H204),""),""))) | R204: =IF(A204="","",IF(F204="次卡",IF(OR(K204="",K204=0,M204=0),"",Q204*O204),IF(F204="期限卡",IF(AND(K204<>"",K204<>0,I204>H204),Q204*P204,""),""))) | S204: =IF(A204="","",IFERROR(_xlfn.MAXIFS(上课记录!$D:$D,上课记录!$B:$B,A204,上课记录!$J:$J,"是"),"")) | T204: =IF(A204="","",IF(S204="","",TODAY()-S204)) | U204: =IF(A204="","",IF(OR(AND(F204="次卡",O204=0),AND(F204="期限卡",P204=0)),"已到期",IF(T204>=10,"沉睡客户",IF(T204>=7,"预警客户","正常"))))
L205: =K205-J205 | N205: =IF(A205="","",COUNTIFS(上课记录!$B:$B,A205,上课记录!$J:$J,"是")) | O205: =IF(A205="","",IF(F205="次卡",MAX(0,M205-N205),"—")) | P205: =IF(A205="","",IF(F205="期限卡",MAX(0,I205-TODAY()),"—")) | Q205: =IF(A205="","",IF(F205="次卡",IF(OR(K205="",K205=0,M205=0),"",K205/M205),IF(F205="期限卡",IF(AND(K205<>"",K205<>0,I205>H205),K205/(I205-H205),""),""))) | R205: =IF(A205="","",IF(F205="次卡",IF(OR(K205="",K205=0,M205=0),"",Q205*O205),IF(F205="期限卡",IF(AND(K205<>"",K205<>0,I205>H205),Q205*P205,""),""))) | S205: =IF(A205="","",IFERROR(_xlfn.MAXIFS(上课记录!$D:$D,上课记录!$B:$B,A205,上课记录!$J:$J,"是"),"")) | T205: =IF(A205="","",IF(S205="","",TODAY()-S205)) | U205: =IF(A205="","",IF(OR(AND(F205="次卡",O205=0),AND(F205="期限卡",P205=0)),"已到期",IF(T205>=10,"沉睡客户",IF(T205>=7,"预警客户","正常"))))
L206: =K206-J206 | N206: =IF(A206="","",COUNTIFS(上课记录!$B:$B,A206,上课记录!$J:$J,"是")) | O206: =IF(A206="","",IF(F206="次卡",MAX(0,M206-N206),"—")) | P206: =IF(A206="","",IF(F206="期限卡",MAX(0,I206-TODAY()),"—")) | Q206: =IF(A206="","",IF(F206="次卡",IF(OR(K206="",K206=0,M206=0),"",K206/M206),IF(F206="期限卡",IF(AND(K206<>"",K206<>0,I206>H206),K206/(I206-H206),""),""))) | R206: =IF(A206="","",IF(F206="次卡",IF(OR(K206="",K206=0,M206=0),"",Q206*O206),IF(F206="期限卡",IF(AND(K206<>"",K206<>0,I206>H206),Q206*P206,""),""))) | S206: =IF(A206="","",IFERROR(_xlfn.MAXIFS(上课记录!$D:$D,上课记录!$B:$B,A206,上课记录!$J:$J,"是"),"")) | T206: =IF(A206="","",IF(S206="","",TODAY()-S206)) | U206: =IF(A206="","",IF(OR(AND(F206="次卡",O206=0),AND(F206="期限卡",P206=0)),"已到期",IF(T206>=10,"沉睡客户",IF(T206>=7,"预警客户","正常"))))
L207: =K207-J207 | N207: =IF(A207="","",COUNTIFS(上课记录!$B:$B,A207,上课记录!$J:$J,"是")) | O207: =IF(A207="","",IF(F207="次卡",MAX(0,M207-N207),"—")) | P207: =IF(A207="","",IF(F207="期限卡",MAX(0,I207-TODAY()),"—")) | Q207: =IF(A207="","",IF(F207="次卡",IF(OR(K207="",K207=0,M207=0),"",K207/M207),IF(F207="期限卡",IF(AND(K207<>"",K207<>0,I207>H207),K207/(I207-H207),""),""))) | R207: =IF(A207="","",IF(F207="次卡",IF(OR(K207="",K207=0,M207=0),"",Q207*O207),IF(F207="期限卡",IF(AND(K207<>"",K207<>0,I207>H207),Q207*P207,""),""))) | S207: =IF(A207="","",IFERROR(_xlfn.MAXIFS(上课记录!$D:$D,上课记录!$B:$B,A207,上课记录!$J:$J,"是"),"")) | T207: =IF(A207="","",IF(S207="","",TODAY()-S207)) | U207: =IF(A207="","",IF(OR(AND(F207="次卡",O207=0),AND(F207="期限卡",P207=0)),"已到期",IF(T207>=10,"沉睡客户",IF(T207>=7,"预警客户","正常"))))
L208: =K208-J208 | N208: =IF(A208="","",COUNTIFS(上课记录!$B:$B,A208,上课记录!$J:$J,"是")) | O208: =IF(A208="","",IF(F208="次卡",MAX(0,M208-N208),"—")) | P208: =IF(A208="","",IF(F208="期限卡",MAX(0,I208-TODAY()),"—")) | Q208: =IF(A208="","",IF(F208="次卡",IF(OR(K208="",K208=0,M208=0),"",K208/M208),IF(F208="期限卡",IF(AND(K208<>"",K208<>0,I208>H208),K208/(I208-H208),""),""))) | R208: =IF(A208="","",IF(F208="次卡",IF(OR(K208="",K208=0,M208=0),"",Q208*O208),IF(F208="期限卡",IF(AND(K208<>"",K208<>0,I208>H208),Q208*P208,""),""))) | S208: =IF(A208="","",IFERROR(_xlfn.MAXIFS(上课记录!$D:$D,上课记录!$B:$B,A208,上课记录!$J:$J,"是"),"")) | T208: =IF(A208="","",IF(S208="","",TODAY()-S208)) | U208: =IF(A208="","",IF(OR(AND(F208="次卡",O208=0),AND(F208="期限卡",P208=0)),"已到期",IF(T208>=10,"沉睡客户",IF(T208>=7,"预警客户","正常"))))
L209: =K209-J209 | N209: =IF(A209="","",COUNTIFS(上课记录!$B:$B,A209,上课记录!$J:$J,"是")) | O209: =IF(A209="","",IF(F209="次卡",MAX(0,M209-N209),"—")) | P209: =IF(A209="","",IF(F209="期限卡",MAX(0,I209-TODAY()),"—")) | Q209: =IF(A209="","",IF(F209="次卡",IF(OR(K209="",K209=0,M209=0),"",K209/M209),IF(F209="期限卡",IF(AND(K209<>"",K209<>0,I209>H209),K209/(I209-H209),""),""))) | R209: =IF(A209="","",IF(F209="次卡",IF(OR(K209="",K209=0,M209=0),"",Q209*O209),IF(F209="期限卡",IF(AND(K209<>"",K209<>0,I209>H209),Q209*P209,""),""))) | S209: =IF(A209="","",IFERROR(_xlfn.MAXIFS(上课记录!$D:$D,上课记录!$B:$B,A209,上课记录!$J:$J,"是"),"")) | T209: =IF(A209="","",IF(S209="","",TODAY()-S209)) | U209: =IF(A209="","",IF(OR(AND(F209="次卡",O209=0),AND(F209="期限卡",P209=0)),"已到期",IF(T209>=10,"沉睡客户",IF(T209>=7,"预警客户","正常"))))
L210: =K210-J210 | N210: =IF(A210="","",COUNTIFS(上课记录!$B:$B,A210,上课记录!$J:$J,"是")) | O210: =IF(A210="","",IF(F210="次卡",MAX(0,M210-N210),"—")) | P210: =IF(A210="","",IF(F210="期限卡",MAX(0,I210-TODAY()),"—")) | Q210: =IF(A210="","",IF(F210="次卡",IF(OR(K210="",K210=0,M210=0),"",K210/M210),IF(F210="期限卡",IF(AND(K210<>"",K210<>0,I210>H210),K210/(I210-H210),""),""))) | R210: =IF(A210="","",IF(F210="次卡",IF(OR(K210="",K210=0,M210=0),"",Q210*O210),IF(F210="期限卡",IF(AND(K210<>"",K210<>0,I210>H210),Q210*P210,""),""))) | S210: =IF(A210="","",IFERROR(_xlfn.MAXIFS(上课记录!$D:$D,上课记录!$B:$B,A210,上课记录!$J:$J,"是"),"")) | T210: =IF(A210="","",IF(S210="","",TODAY()-S210)) | U210: =IF(A210="","",IF(OR(AND(F210="次卡",O210=0),AND(F210="期限卡",P210=0)),"已到期",IF(T210>=10,"沉睡客户",IF(T210>=7,"预警客户","正常"))))
L211: =K211-J211 | N211: =IF(A211="","",COUNTIFS(上课记录!$B:$B,A211,上课记录!$J:$J,"是")) | O211: =IF(A211="","",IF(F211="次卡",MAX(0,M211-N211),"—")) | P211: =IF(A211="","",IF(F211="期限卡",MAX(0,I211-TODAY()),"—")) | Q211: =IF(A211="","",IF(F211="次卡",IF(OR(K211="",K211=0,M211=0),"",K211/M211),IF(F211="期限卡",IF(AND(K211<>"",K211<>0,I211>H211),K211/(I211-H211),""),""))) | R211: =IF(A211="","",IF(F211="次卡",IF(OR(K211="",K211=0,M211=0),"",Q211*O211),IF(F211="期限卡",IF(AND(K211<>"",K211<>0,I211>H211),Q211*P211,""),""))) | S211: =IF(A211="","",IFERROR(_xlfn.MAXIFS(上课记录!$D:$D,上课记录!$B:$B,A211,上课记录!$J:$J,"是"),"")) | T211: =IF(A211="","",IF(S211="","",TODAY()-S211)) | U211: =IF(A211="","",IF(OR(AND(F211="次卡",O211=0),AND(F211="期限卡",P211=0)),"已到期",IF(T211>=10,"沉睡客户",IF(T211>=7,"预警客户","正常"))))
L212: =K212-J212 | N212: =IF(A212="","",COUNTIFS(上课记录!$B:$B,A212,上课记录!$J:$J,"是")) | O212: =IF(A212="","",IF(F212="次卡",MAX(0,M212-N212),"—")) | P212: =IF(A212="","",IF(F212="期限卡",MAX(0,I212-TODAY()),"—")) | Q212: =IF(A212="","",IF(F212="次卡",IF(OR(K212="",K212=0,M212=0),"",K212/M212),IF(F212="期限卡",IF(AND(K212<>"",K212<>0,I212>H212),K212/(I212-H212),""),""))) | R212: =IF(A212="","",IF(F212="次卡",IF(OR(K212="",K212=0,M212=0),"",Q212*O212),IF(F212="期限卡",IF(AND(K212<>"",K212<>0,I212>H212),Q212*P212,""),""))) | S212: =IF(A212="","",IFERROR(_xlfn.MAXIFS(上课记录!$D:$D,上课记录!$B:$B,A212,上课记录!$J:$J,"是"),"")) | T212: =IF(A212="","",IF(S212="","",TODAY()-S212)) | U212: =IF(A212="","",IF(OR(AND(F212="次卡",O212=0),AND(F212="期限卡",P212=0)),"已到期",IF(T212>=10,"沉睡客户",IF(T212>=7,"预警客户","正常"))))
... L504: =K504-J504 | N504: =IF(A504="","",COUNTIFS(上课记录!$B:$B,A504,上课记录!$J:$J,"是")) | O504: =IF(A504="","",IF(F504="次卡",MAX(0,M504-N504),"—")) | P504: =IF(A504="","",IF(F504="期限卡",MAX(0,I504-TODAY()),"—")) | Q504: =IF(A504="","",IF(F504="次卡",IF(OR(K504="",K504=0,M504=0),"",K504/M504),IF(F504="期限卡",IF(AND(K504<>"",K504<>0,I504>H504),K504/(I504-H504),""),""))) | R504: =IF(A504="","",IF(F504="次卡",IF(OR(K504="",K504=0,M504=0),"",Q504*O504),IF(F504="期限卡",IF(AND(K504<>"",K504<>0,I504>H504),Q504*P504,""),""))) | S504: =IF(A504="","",IFERROR(_xlfn.MAXIFS(上课记录!$D:$D,上课记录!$B:$B,A504,上课记录!$J:$J,"是"),"")) | T504: =IF(A504="","",IF(S504="","",TODAY()-S504)) | U504: =IF(A504="","",IF(OR(AND(F504="次卡",O504=0),AND(F504="期限卡",P504=0)),"已到期",IF(T504>=10,"沉睡客户",IF(T504>=7,"预警客户","正常"))))

Sheet 上课记录
A1: 记录编号 | B1: 会员编号 | C1: 会员姓名 | D1: 上课日期 | E1: 上课时间 | F1: 负责老师 | G1: 会员类型 | H1: 卡种 | I1: 课程单价 | J1: 是否有效扣卡 | K1: 消耗数量 | L1: 课程名称 | M1: 效果图 | N1: 备注
A2: 1 | B2: M001 | C2: =IFERROR(_xlfn.XLOOKUP(B2,会员档案!$A:$A,会员档案!$B:$B),"") | D2: 46236 | E2: 0.45833333 | F2: =IFERROR(_xlfn.XLOOKUP(B2,会员档案!$A:$A,会员档案!$D:$D),"") | G2: =IFERROR(_xlfn.XLOOKUP(B2,会员档案!$A:$A,会员档案!$E:$E),"") | H2: =IFERROR(_xlfn.XLOOKUP(B2,会员档案!$A:$A,会员档案!$F:$F),"") | I2: =IF(B2="","",IFERROR(VLOOKUP(B2,会员档案!$A:$Q,17,FALSE),"")) | J2: =IF(B2="","",IF(OR(H2="次卡",H2="期限卡"),"是","否")) | K2: =IF(J2="是",1,0) | L2: 肩背 | M2: 1
A3: 2 | B3: M002 | C3: =IFERROR(_xlfn.XLOOKUP(B3,会员档案!$A:$A,会员档案!$B:$B),"") | D3: 46262 | E3: 0.45833333 | F3: =IFERROR(_xlfn.XLOOKUP(B3,会员档案!$A:$A,会员档案!$D:$D),"") | G3: =IFERROR(_xlfn.XLOOKUP(B3,会员档案!$A:$A,会员档案!$E:$E),"") | H3: =IFERROR(_xlfn.XLOOKUP(B3,会员档案!$A:$A,会员档案!$F:$F),"") | I3: =IF(B3="","",IFERROR(VLOOKUP(B3,会员档案!$A:$Q,17,FALSE),"")) | J3: =IF(B3="","",IF(OR(H3="次卡",H3="期限卡"),"是","否")) | K3: =IF(J3="是",1,0) | L3: 核心 | M3: 1
A4: 3 | B4: M004 | C4: =IFERROR(_xlfn.XLOOKUP(B4,会员档案!$A:$A,会员档案!$B:$B),"") | D4: 46236 | E4: 0.70833333 | F4: =IFERROR(_xlfn.XLOOKUP(B4,会员档案!$A:$A,会员档案!$D:$D),"") | G4: =IFERROR(_xlfn.XLOOKUP(B4,会员档案!$A:$A,会员档案!$E:$E),"") | H4: =IFERROR(_xlfn.XLOOKUP(B4,会员档案!$A:$A,会员档案!$F:$F),"") | I4: =IF(B4="","",IFERROR(VLOOKUP(B4,会员档案!$A:$Q,17,FALSE),"")) | J4: =IF(B4="","",IF(OR(H4="次卡",H4="期限卡"),"是","否")) | K4: =IF(J4="是",1,0) | L4: 核心 | M4: 1
A5: 4 | B5: M005 | C5: =IFERROR(_xlfn.XLOOKUP(B5,会员档案!$A:$A,会员档案!$B:$B),"") | D5: 46262 | E5: 0.92708333 | F5: =IFERROR(_xlfn.XLOOKUP(B5,会员档案!$A:$A,会员档案!$D:$D),"") | G5: =IFERROR(_xlfn.XLOOKUP(B5,会员档案!$A:$A,会员档案!$E:$E),"") | H5: =IFERROR(_xlfn.XLOOKUP(B5,会员档案!$A:$A,会员档案!$F:$F),"") | I5: =IF(B5="","",IFERROR(VLOOKUP(B5,会员档案!$A:$Q,17,FALSE),"")) | J5: =IF(B5="","",IF(OR(H5="次卡",H5="期限卡"),"是","否")) | K5: =IF(J5="是",1,0) | L5: 全身塑形 | M5: 1
C6: =IFERROR(_xlfn.XLOOKUP(B6,会员档案!$A:$A,会员档案!$B:$B),"") | F6: =IFERROR(_xlfn.XLOOKUP(B6,会员档案!$A:$A,会员档案!$D:$D),"") | G6: =IFERROR(_xlfn.XLOOKUP(B6,会员档案!$A:$A,会员档案!$E:$E),"") | H6: =IFERROR(_xlfn.XLOOKUP(B6,会员档案!$A:$A,会员档案!$F:$F),"") | I6: =IF(B6="","",IFERROR(VLOOKUP(B6,会员档案!$A:$Q,17,FALSE),"")) | J6: =IF(B6="","",IF(OR(H6="次卡",H6="期限卡"),"是","否")) | K6: =IF(J6="是",1,0)
C7: =IFERROR(_xlfn.XLOOKUP(B7,会员档案!$A:$A,会员档案!$B:$B),"") | F7: =IFERROR(_xlfn.XLOOKUP(B7,会员档案!$A:$A,会员档案!$D:$D),"") | G7: =IFERROR(_xlfn.XLOOKUP(B7,会员档案!$A:$A,会员档案!$E:$E),"") | H7: =IFERROR(_xlfn.XLOOKUP(B7,会员档案!$A:$A,会员档案!$F:$F),"") | I7: =IF(B7="","",IFERROR(VLOOKUP(B7,会员档案!$A:$Q,17,FALSE),"")) | J7: =IF(B7="","",IF(OR(H7="次卡",H7="期限卡"),"是","否")) | K7: =IF(J7="是",1,0)
C8: =IFERROR(_xlfn.XLOOKUP(B8,会员档案!$A:$A,会员档案!$B:$B),"") | F8: =IFERROR(_xlfn.XLOOKUP(B8,会员档案!$A:$A,会员档案!$D:$D),"") | G8: =IFERROR(_xlfn.XLOOKUP(B8,会员档案!$A:$A,会员档案!$E:$E),"") | H8: =IFERROR(_xlfn.XLOOKUP(B8,会员档案!$A:$A,会员档案!$F:$F),"") | I8: =IF(B8="","",IFERROR(VLOOKUP(B8,会员档案!$A:$Q,17,FALSE),"")) | J8: =IF(B8="","",IF(OR(H8="次卡",H8="期限卡"),"是","否")) | K8: =IF(J8="是",1,0)
C9: =IFERROR(_xlfn.XLOOKUP(B9,会员档案!$A:$A,会员档案!$B:$B),"") | F9: =IFERROR(_xlfn.XLOOKUP(B9,会员档案!$A:$A,会员档案!$D:$D),"") | G9: =IFERROR(_xlfn.XLOOKUP(B9,会员档案!$A:$A,会员档案!$E:$E),"") | H9: =IFERROR(_xlfn.XLOOKUP(B9,会员档案!$A:$A,会员档案!$F:$F),"") | I9: =IF(B9="","",IFERROR(VLOOKUP(B9,会员档案!$A:$Q,17,FALSE),"")) | J9: =IF(B9="","",IF(OR(H9="次卡",H9="期限卡"),"是","否")) | K9: =IF(J9="是",1,0)
C10: =IFERROR(_xlfn.XLOOKUP(B10,会员档案!$A:$A,会员档案!$B:$B),"") | F10: =IFERROR(_xlfn.XLOOKUP(B10,会员档案!$A:$A,会员档案!$D:$D),"") | G10: =IFERROR(_xlfn.XLOOKUP(B10,会员档案!$A:$A,会员档案!$E:$E),"") | H10: =IFERROR(_xlfn.XLOOKUP(B10,会员档案!$A:$A,会员档案!$F:$F),"") | I10: =IF(B10="","",IFERROR(VLOOKUP(B10,会员档案!$A:$Q,17,FALSE),"")) | J10: =IF(B10="","",IF(OR(H10="次卡",H10="期限卡"),"是","否")) | K10: =IF(J10="是",1,0)
C11: =IFERROR(_xlfn.XLOOKUP(B11,会员档案!$A:$A,会员档案!$B:$B),"") | F11: =IFERROR(_xlfn.XLOOKUP(B11,会员档案!$A:$A,会员档案!$D:$D),"") | G11: =IFERROR(_xlfn.XLOOKUP(B11,会员档案!$A:$A,会员档案!$E:$E),"") | H11: =IFERROR(_xlfn.XLOOKUP(B11,会员档案!$A:$A,会员档案!$F:$F),"") | I11: =IF(B11="","",IFERROR(VLOOKUP(B11,会员档案!$A:$Q,17,FALSE),"")) | J11: =IF(B11="","",IF(OR(H11="次卡",H11="期限卡"),"是","否")) | K11: =IF(J11="是",1,0)
C12: =IFERROR(_xlfn.XLOOKUP(B12,会员档案!$A:$A,会员档案!$B:$B),"") | F12: =IFERROR(_xlfn.XLOOKUP(B12,会员档案!$A:$A,会员档案!$D:$D),"") | G12: =IFERROR(_xlfn.XLOOKUP(B12,会员档案!$A:$A,会员档案!$E:$E),"") | H12: =IFERROR(_xlfn.XLOOKUP(B12,会员档案!$A:$A,会员档案!$F:$F),"") | I12: =IF(B12="","",IFERROR(VLOOKUP(B12,会员档案!$A:$Q,17,FALSE),"")) | J12: =IF(B12="","",IF(OR(H12="次卡",H12="期限卡"),"是","否")) | K12: =IF(J12="是",1,0)
C13: =IFERROR(_xlfn.XLOOKUP(B13,会员档案!$A:$A,会员档案!$B:$B),"") | F13: =IFERROR(_xlfn.XLOOKUP(B13,会员档案!$A:$A,会员档案!$D:$D),"") | G13: =IFERROR(_xlfn.XLOOKUP(B13,会员档案!$A:$A,会员档案!$E:$E),"") | H13: =IFERROR(_xlfn.XLOOKUP(B13,会员档案!$A:$A,会员档案!$F:$F),"") | I13: =IF(B13="","",IFERROR(VLOOKUP(B13,会员档案!$A:$Q,17,FALSE),"")) | J13: =IF(B13="","",IF(OR(H13="次卡",H13="期限卡"),"是","否")) | K13: =IF(J13="是",1,0)
C14: =IFERROR(_xlfn.XLOOKUP(B14,会员档案!$A:$A,会员档案!$B:$B),"") | F14: =IFERROR(_xlfn.XLOOKUP(B14,会员档案!$A:$A,会员档案!$D:$D),"") | G14: =IFERROR(_xlfn.XLOOKUP(B14,会员档案!$A:$A,会员档案!$E:$E),"") | H14: =IFERROR(_xlfn.XLOOKUP(B14,会员档案!$A:$A,会员档案!$F:$F),"") | I14: =IF(B14="","",IFERROR(VLOOKUP(B14,会员档案!$A:$Q,17,FALSE),"")) | J14: =IF(B14="","",IF(OR(H14="次卡",H14="期限卡"),"是","否")) | K14: =IF(J14="是",1,0)
C15: =IFERROR(_xlfn.XLOOKUP(B15,会员档案!$A:$A,会员档案!$B:$B),"") | F15: =IFERROR(_xlfn.XLOOKUP(B15,会员档案!$A:$A,会员档案!$D:$D),"") | G15: =IFERROR(_xlfn.XLOOKUP(B15,会员档案!$A:$A,会员档案!$E:$E),"") | H15: =IFERROR(_xlfn.XLOOKUP(B15,会员档案!$A:$A,会员档案!$F:$F),"") | I15: =IF(B15="","",IFERROR(VLOOKUP(B15,会员档案!$A:$Q,17,FALSE),"")) | J15: =IF(B15="","",IF(OR(H15="次卡",H15="期限卡"),"是","否")) | K15: =IF(J15="是",1,0)
C16: =IFERROR(_xlfn.XLOOKUP(B16,会员档案!$A:$A,会员档案!$B:$B),"") | F16: =IFERROR(_xlfn.XLOOKUP(B16,会员档案!$A:$A,会员档案!$D:$D),"") | G16: =IFERROR(_xlfn.XLOOKUP(B16,会员档案!$A:$A,会员档案!$E:$E),"") | H16: =IFERROR(_xlfn.XLOOKUP(B16,会员档案!$A:$A,会员档案!$F:$F),"") | I16: =IF(B16="","",IFERROR(VLOOKUP(B16,会员档案!$A:$Q,17,FALSE),"")) | J16: =IF(B16="","",IF(OR(H16="次卡",H16="期限卡"),"是","否")) | K16: =IF(J16="是",1,0)
C17: =IFERROR(_xlfn.XLOOKUP(B17,会员档案!$A:$A,会员档案!$B:$B),"") | F17: =IFERROR(_xlfn.XLOOKUP(B17,会员档案!$A:$A,会员档案!$D:$D),"") | G17: =IFERROR(_xlfn.XLOOKUP(B17,会员档案!$A:$A,会员档案!$E:$E),"") | H17: =IFERROR(_xlfn.XLOOKUP(B17,会员档案!$A:$A,会员档案!$F:$F),"") | I17: =IF(B17="","",IFERROR(VLOOKUP(B17,会员档案!$A:$Q,17,FALSE),"")) | J17: =IF(B17="","",IF(OR(H17="次卡",H17="期限卡"),"是","否")) | K17: =IF(J17="是",1,0)
... C199: =IFERROR(_xlfn.XLOOKUP(B199,会员档案!$A:$A,会员档案!$B:$B),"") | F199: =IFERROR(_xlfn.XLOOKUP(B199,会员档案!$A:$A,会员档案!$D:$D),"") | G199: =IFERROR(_xlfn.XLOOKUP(B199,会员档案!$A:$A,会员档案!$E:$E),"") | H199: =IFERROR(_xlfn.XLOOKUP(B199,会员档案!$A:$A,会员档案!$F:$F),"") | I199: =IF(B199="","",IFERROR(VLOOKUP(B199,会员档案!$A:$Q,17,FALSE),"")) | J199: =IF(B199="","",IF(OR(H199="次卡",H199="期限卡"),"是","否")) | K199: =IF(J199="是",1,0)

Sheet 实时看板
A1: 会员运营实时看板
A3: 指标 | B3: 实时数值 | C3: 说明
A4: 会员总数 | B4: =COUNTIF(会员档案!A2:A504,"<>") | C4: 录入会员数量
A5: 正常会员 | B5: =COUNTIF(会员档案!U2:U504,"正常") | C5: 连续未到 < 7天
A6: 预警会员 | B6: =COUNTIF(会员档案!U2:U504,"预警客户") | C6: 连续未到 7-9天
A7: 沉睡客户 | B7: =COUNTIF(会员档案!U2:U504,"沉睡客户") | C7: 连续10天未上课，自动标红
A8: 已到期会员 | B8: =COUNTIF(会员档案!U2:U504,"已到期") | C8: 次卡耗尽或期限到期
A9: 待开卡会员 | B9: =COUNTIF(会员档案!U2:U504,"待开卡") | C9: 已购课但尚未开卡的会员
A10: 今日上课人次 | B10: =COUNTIFS(上课记录!D:D,TODAY(),上课记录!J:J,"是") | C10: 当天有效上课记录
A11: 今日效果图 | B11: =COUNTIFS(上课记录!D:D,TODAY(),上课记录!M:M,"1") | C11: 今日客户效果图
A12: 今日营收 | B12: {=SUMPRODUCT((会员档案!G2:G1011=TODAY())*IFERROR(会员档案!J2:J1011+0,0))} | C12: 今日门店业绩
A13: 本月营收 | B13: {=SUMPRODUCT((MONTH(会员档案!G2:G1012)=MONTH(TODAY()))*(YEAR(会员档案!G2:G1012)=YEAR(TODAY()))*IFERROR(会员档案!J2:J1012+0,0))} | C13: 本月门店业绩
A14: 今日次卡耗课金额 | B14: {=SUMPRODUCT((上课记录!D2:D1024=TODAY())*(上课记录!H2:H1024="次卡")*(上课记录!J2:J1024="是")*IFERROR(上课记录!I2:I1024+0,0))} | C14: 今日客户次卡耗课金额
A15: 今日期限卡耗课金额 | B15: {=SUMPRODUCT((会员档案!F2:F504="期限卡")*(会员档案!H2:H504<=TODAY())*(会员档案!I2:I504>=TODAY())*IFERROR(会员档案!Q2:Q504+0,0))} | C15: 今日客户期限卡耗课金额
A16: 今日总耗课金额 | B16: =B14+B15 | C16: 今日总耗课金额
A17: 门店负债 | B17: =SUM(会员档案!R2:R517) | C17: 目前门店负债
A18: 核心使用逻辑
A19: 1. 每次会员上课，只需要在【上课记录】新增一行，填写会员编号、日期、时间、课程。
A20: 2. 系统自动识别会员、老师、项目、卡种，并计入有效上课次数。
A21: 3. 次卡：每有效上课1次，剩余次数自动减1。
A22: 4. 期限卡：不需要老师每天手工扣天数，系统根据“有效期至-今天”自动计算剩余天数。
A23: 5. 系统自动抓取每位会员最后一次上课日期，并计算连续未到天数。
A24: 6. 连续未到7天：黄色预警,整行自动标记黄色；连续未到10天及以上：自动标红并标记“沉睡客户”。
A25: 7. 会员档案、上课记录、实时看板三张表联动，老师只负责记录上课，不再重复核算。

Sheet 沉睡客户跟进
A1: 会员编号 | B1: 会员姓名 | C1: 负责老师 | D1: 卡种 | E1: 最后上课日期 | F1: 连续未到天数 | G1: 剩余次数 | H1: 剩余天数 | I1: 跟进日期 | J1: 跟进结果 | K1: 下次跟进日期
A2: =IF(会员档案!$U2="沉睡客户",会员档案!$A2,"") | B2: =IF(A2="","",会员档案!$B2) | C2: =IF(A2="","",会员档案!$D2) | D2: =IF(A2="","",会员档案!$F2) | E2: =IF(A2="","",会员档案!$S2) | F2: =IF(A2="","",会员档案!$T2) | G2: =IF(A2="","",会员档案!$O2) | H2: =IF(A2="","",会员档案!$P2)
A3: =IF(会员档案!$U3="沉睡客户",会员档案!$A3,"") | B3: =IF(A3="","",会员档案!$B3) | C3: =IF(A3="","",会员档案!$D3) | D3: =IF(A3="","",会员档案!$F3) | E3: =IF(A3="","",会员档案!$S3) | F3: =IF(A3="","",会员档案!$T3) | G3: =IF(A3="","",会员档案!$O3) | H3: =IF(A3="","",会员档案!$P3)
A4: =IF(会员档案!$U4="沉睡客户",会员档案!$A4,"") | B4: =IF(A4="","",会员档案!$B4) | C4: =IF(A4="","",会员档案!$D4) | D4: =IF(A4="","",会员档案!$F4) | E4: =IF(A4="","",会员档案!$S4) | F4: =IF(A4="","",会员档案!$T4) | G4: =IF(A4="","",会员档案!$O4) | H4: =IF(A4="","",会员档案!$P4)
A5: =IF(会员档案!$U5="沉睡客户",会员档案!$A5,"") | B5: =IF(A5="","",会员档案!$B5) | C5: =IF(A5="","",会员档案!$D5) | D5: =IF(A5="","",会员档案!$F5) | E5: =IF(A5="","",会员档案!$S5) | F5: =IF(A5="","",会员档案!$T5) | G5: =IF(A5="","",会员档案!$O5) | H5: =IF(A5="","",会员档案!$P5)
A6: =IF(会员档案!$U6="沉睡客户",会员档案!$A6,"") | B6: =IF(A6="","",会员档案!$B6) | C6: =IF(A6="","",会员档案!$D6) | D6: =IF(A6="","",会员档案!$F6) | E6: =IF(A6="","",会员档案!$S6) | F6: =IF(A6="","",会员档案!$T6) | G6: =IF(A6="","",会员档案!$O6) | H6: =IF(A6="","",会员档案!$P6)
A7: =IF(会员档案!$U7="沉睡客户",会员档案!$A7,"") | B7: =IF(A7="","",会员档案!$B7) | C7: =IF(A7="","",会员档案!$D7) | D7: =IF(A7="","",会员档案!$F7) | E7: =IF(A7="","",会员档案!$S7) | F7: =IF(A7="","",会员档案!$T7) | G7: =IF(A7="","",会员档案!$O7) | H7: =IF(A7="","",会员档案!$P7)
A8: =IF(会员档案!$U8="沉睡客户",会员档案!$A8,"") | B8: =IF(A8="","",会员档案!$B8) | C8: =IF(A8="","",会员档案!$D8) | D8: =IF(A8="","",会员档案!$F8) | E8: =IF(A8="","",会员档案!$S8) | F8: =IF(A8="","",会员档案!$T8) | G8: =IF(A8="","",会员档案!$O8) | H8: =IF(A8="","",会员档案!$P8)
A9: =IF(会员档案!$U9="沉睡客户",会员档案!$A9,"") | B9: =IF(A9="","",会员档案!$B9) | C9: =IF(A9="","",会员档案!$D9) | D9: =IF(A9="","",会员档案!$F9) | E9: =IF(A9="","",会员档案!$S9) | F9: =IF(A9="","",会员档案!$T9) | G9: =IF(A9="","",会员档案!$O9) | H9: =IF(A9="","",会员档案!$P9)
A10: =IF(会员档案!$U10="沉睡客户",会员档案!$A10,"") | B10: =IF(A10="","",会员档案!$B10) | C10: =IF(A10="","",会员档案!$D10) | D10: =IF(A10="","",会员档案!$F10) | E10: =IF(A10="","",会员档案!$S10) | F10: =IF(A10="","",会员档案!$T10) | G10: =IF(A10="","",会员档案!$O10) | H10: =IF(A10="","",会员档案!$P10)
A11: =IF(会员档案!$U11="沉睡客户",会员档案!$A11,"") | B11: =IF(A11="","",会员档案!$B11) | C11: =IF(A11="","",会员档案!$D11) | D11: =IF(A11="","",会员档案!$F11) | E11: =IF(A11="","",会员档案!$S11) | F11: =IF(A11="","",会员档案!$T11) | G11: =IF(A11="","",会员档案!$O11) | H11: =IF(A11="","",会员档案!$P11)
A12: =IF(会员档案!$U12="沉睡客户",会员档案!$A12,"") | B12: =IF(A12="","",会员档案!$B12) | C12: =IF(A12="","",会员档案!$D12) | D12: =IF(A12="","",会员档案!$F12) | E12: =IF(A12="","",会员档案!$S12) | F12: =IF(A12="","",会员档案!$T12) | G12: =IF(A12="","",会员档案!$O12) | H12: =IF(A12="","",会员档案!$P12)
A13: =IF(会员档案!$U13="沉睡客户",会员档案!$A13,"") | B13: =IF(A13="","",会员档案!$B13) | C13: =IF(A13="","",会员档案!$D13) | D13: =IF(A13="","",会员档案!$F13) | E13: =IF(A13="","",会员档案!$S13) | F13: =IF(A13="","",会员档案!$T13) | G13: =IF(A13="","",会员档案!$O13) | H13: =IF(A13="","",会员档案!$P13)
... A499: =IF(会员档案!$U499="沉睡客户",会员档案!$A499,"") | B499: =IF(A499="","",会员档案!$B499) | C499: =IF(A499="","",会员档案!$D499) | D499: =IF(A499="","",会员档案!$F499) | E499: =IF(A499="","",会员档案!$S499) | F499: =IF(A499="","",会员档案!$T499) | G499: =IF(A499="","",会员档案!$O499) | H499: =IF(A499="","",会员档案!$P499)

Sheet 使用说明
A1: 项目 | B1: 操作
A2: 新增会员 | B2: 在【会员档案】从第2行开始录入会员基础资料。会员编号必须唯一，如会员复购，则在编号后面-1，-2表示复购次数
A3: 次卡 | B3: 卡种选择“次卡”，填写“总次数”；每次有效上课记录会自动减少剩余次数。
A4: 期限卡 | B4: 卡种选择“期限卡”，填写“有效期至”；系统每天打开表格时自动计算剩余天数。
A5: 每次上课 | B5: 只在【上课记录】增加一行：会员编号+上课日期+上课时间+课程名称。是否有效扣卡保持“是”。
A6: 沉睡客户 | B6: 最后一次有效上课日期距今天≥10天，会员自动标记为“沉睡客户”，整行自动标记红色
A7: 预警客户 | B7: 连续7-9天未上课，自动标记“预警客户”，整行自动标记黄色，建议老师主动联系。
A8: 实时看板 | B8: 查看总会员、预警、沉睡、到期、今日上课人次等核心数据。
A9: 建议管理规则 | B9: 老师每天只做“上课记录”；店长每天看“实时看板”；客服/老师跟进“沉睡客户跟进”。
